field_scope,issue,strategy,implementation,reason
FareID,40.91% de nulos em rideestimative.,Imputar com sentinel categorico.,Preencher nulos com MISSING_FAREID e criar a flag FareIDWasImputed.,FareID e um identificador categorico; a imputacao explicita preserva missingness como sinal sem distorcer a moda.
"WaitingTime, Fee, TotalUsers",Campos numericos retidos podem receber nulos futuros.,Fallback de mediana.,Aplicar mediana global apenas se surgirem nulos; nesta execucao nao houve imputacoes.,A mediana e robusta e nao puxa a distribuicao por caudas extremas.
Price,Assimetria forte e outliers extremos por categoria.,Remover Price <= 0 e aplicar capping superior por CategoryID.,Remover registros com Price <= 0 e capar o restante no percentil 99.5 por CategoryID.,O target tem comportamento diferente por categoria; o capping segmentado preserva volume e reduz distorcao nos extremos.
WaitingTime,Cauda longa com outliers detectados no profiling inicial.,Capping superior global.,Capar no percentil 99 global e registrar a flag WaitingTimeWasCapped.,A feature e operacional e monotona; o clipping leve reduz extremos sem descartar observacoes.
"RidePrice, Selected, RideReasonSelectedEstimativeID",Vazamento e informacao pos-evento.,Remocao de colunas.,Excluir do dataset curado.,Nao estao disponiveis de forma honesta no momento de inferencia.
"Car, ProviderID, RideProviderID, RideCategoryID, RideDriverLocationID, ScheduledRide",Esparsidade extrema ou coluna constante.,Remocao de colunas.,Excluir do dataset curado.,Mais de 99% de nulos ou ausencia de variancia tornam essas colunas custosas e pouco informativas.
RideEstimativeID,Risco de duplicidade de chave de negocio.,Remocao de duplicatas por chave primaria.,Manter a primeira ocorrencia de cada RideEstimativeID.,Garante 1 linha por estimativa e evita inflar treino/validacao.
"Create, Schedule, Updated",Necessidade de integridade temporal para TSCV e auditoria.,Padronizacao datetime e remocao de cronologias impossiveis.,"Converter para datetime, remover registros com Create/Schedule invalidos, Updated < Create ou gap absoluto > 5 min entre Schedule e Create em corridas on-demand.",Create e a ancora temporal confiavel; cronologias impossiveis devem sair do dataset.
"OriginLat, OriginLng, DestinationLat, DestinationLng",Campos espaciais obrigatorios para FE geografica.,Remocao de linhas invalidas.,Descartar linhas com coordenadas ausentes ou nao numericas.,Distancia e zona geografica dependem de coordenadas validas.
