CategoryID,DatasetName,Algorithm,AlgorithmGroup,ModelVariant,RowType,FoldName,FoldsAveraged,TrainRows,EvaluationRows,TrainStart,TrainEnd,EvaluationStart,EvaluationEnd,FeatureCount,NumBoostRound,TrialNumber,MAE,RMSE,MAPE,R2,MAEStd,RMSEStd,MAPEStd,R2Std,SourceFile,GeneratedAt
2,UberX,LightGBM,advanced,default,fold,fold_1,1,27535.0,7647.0,2021-11-01,2022-01-11,2022-01-19,2022-02-15,35,,,5.817256554442961,11.60242375133296,21.131266665177147,0.7644814271693536,,,,,uberx_advanced_tscv_fold_metrics.csv,2026-05-29T20:53:51.116617
2,UberX,LightGBM,advanced,default,fold,fold_2,1,33773.0,8940.0,2021-11-01,2022-02-08,2022-02-16,2022-03-15,35,,,7.414288860576264,14.762732680007623,19.62017180265349,0.6958371717504142,,,,,uberx_advanced_tscv_fold_metrics.csv,2026-05-29T20:53:51.116617
2,UberX,LightGBM,advanced,default,fold,fold_3,1,41871.0,12896.0,2021-11-01,2022-03-08,2022-03-16,2022-04-12,35,,,6.098184125830983,10.325356785150866,18.72726670861776,0.8571101280744104,,,,,uberx_advanced_tscv_fold_metrics.csv,2026-05-29T20:53:51.116617
2,UberX,LightGBM,advanced,default,fold,fold_4,1,54095.0,15752.0,2021-11-01,2022-04-05,2022-04-13,2022-05-10,35,,,5.886469645132354,10.81741151956997,15.452938569655142,0.8447881230296377,,,,,uberx_advanced_tscv_fold_metrics.csv,2026-05-29T20:53:51.116617
2,UberX,LightGBM,advanced,default,mean,mean,4,39318.5,11308.75,2021-11-01,2022-04-05,2022-01-19,2022-05-10,35,,,6.30404979649564,11.876981184015355,18.732910936525883,0.7905542125059539,0.749744911528708,1.9944230267947383,2.401221399653391,0.07532621255256247,uberx_advanced_tscv_fold_metrics.csv,2026-05-29T20:53:51.228884
2,UberX,RandomForest,advanced,default,fold,fold_1,1,27535.0,7647.0,2021-11-01,2022-01-11,2022-01-19,2022-02-15,35,,,6.457696195675851,12.537962629403712,23.613801163297044,0.7249689942048507,,,,,uberx_advanced_tscv_fold_metrics.csv,2026-05-29T20:53:51.116617
2,UberX,RandomForest,advanced,default,fold,fold_2,1,33773.0,8940.0,2021-11-01,2022-02-08,2022-02-16,2022-03-15,35,,,7.112786721662927,14.11474628603411,19.48639084739891,0.7219526383367054,,,,,uberx_advanced_tscv_fold_metrics.csv,2026-05-29T20:53:51.116617
2,UberX,RandomForest,advanced,default,fold,fold_3,1,41871.0,12896.0,2021-11-01,2022-03-08,2022-03-16,2022-04-12,35,,,5.745888816299615,10.448686303722573,16.50905811343563,0.8536762934407018,,,,,uberx_advanced_tscv_fold_metrics.csv,2026-05-29T20:53:51.116617
2,UberX,RandomForest,advanced,default,fold,fold_4,1,54095.0,15752.0,2021-11-01,2022-04-05,2022-04-13,2022-05-10,35,,,6.005802318753162,11.247483565811187,15.670771044981128,0.832201149185972,,,,,uberx_advanced_tscv_fold_metrics.csv,2026-05-29T20:53:51.116617
2,UberX,RandomForest,advanced,default,mean,mean,4,39318.5,11308.75,2021-11-01,2022-04-05,2022-01-19,2022-05-10,35,,,6.330543513097888,12.087219696242895,18.82000529227818,0.7831997687920575,0.598706995623518,1.6024961478124664,3.5908542051912944,0.06954641113458239,uberx_advanced_tscv_fold_metrics.csv,2026-05-29T20:53:51.228884
2,UberX,XGBoost,advanced,default,fold,fold_1,1,27535.0,7647.0,2021-11-01,2022-01-11,2022-01-19,2022-02-15,35,,,7.297156717921524,13.201660739306366,29.0363981795499,0.6950807444490139,,,,,uberx_advanced_tscv_fold_metrics.csv,2026-05-29T20:53:51.116617
2,UberX,XGBoost,advanced,default,fold,fold_2,1,33773.0,8940.0,2021-11-01,2022-02-08,2022-02-16,2022-03-15,35,,,8.232308115782546,16.639182487607435,22.560357357709247,0.6136004641925197,,,,,uberx_advanced_tscv_fold_metrics.csv,2026-05-29T20:53:51.116617
2,UberX,XGBoost,advanced,default,fold,fold_3,1,41871.0,12896.0,2021-11-01,2022-03-08,2022-03-16,2022-04-12,35,,,7.121571554672578,11.6850190948854,22.53073864242964,0.8170003895789288,,,,,uberx_advanced_tscv_fold_metrics.csv,2026-05-29T20:53:51.116617
2,UberX,XGBoost,advanced,default,fold,fold_4,1,54095.0,15752.0,2021-11-01,2022-04-05,2022-04-13,2022-05-10,35,,,16.160634965835147,27.534513378567897,72.08502141283738,-0.0056180471210631,,,,,uberx_advanced_tscv_fold_metrics.csv,2026-05-29T20:53:51.116617
2,UberX,XGBoost,advanced,default,mean,mean,4,39318.5,11308.75,2021-11-01,2022-04-05,2022-01-19,2022-05-10,35,,,9.702917838552949,17.265093925091776,36.55312889813154,0.5300158877748499,4.332660409015284,7.153122055090173,23.88473508497239,0.366740873465902,uberx_advanced_tscv_fold_metrics.csv,2026-05-29T20:53:51.228884
2,UberX,Lasso,baseline,default,fold,fold_1,1,27535.0,7647.0,2021-11-01,2022-01-11,2022-01-19,2022-02-15,35,,,8.122824446630815,14.546523599625411,32.23639581975003,0.6297917039419397,,,,,baseline_tscv_fold_metrics.csv,2026-05-29T20:53:51.105540
2,UberX,Lasso,baseline,default,fold,fold_2,1,33773.0,8940.0,2021-11-01,2022-02-08,2022-02-16,2022-03-15,35,,,9.857984757012428,18.659268309302337,29.34503839556917,0.5140832770805568,,,,,baseline_tscv_fold_metrics.csv,2026-05-29T20:53:51.105540
2,UberX,Lasso,baseline,default,fold,fold_3,1,41871.0,12896.0,2021-11-01,2022-03-08,2022-03-16,2022-04-12,35,,,6.8828908409202185,12.894177860173537,19.59049924598132,0.7771674524857922,,,,,baseline_tscv_fold_metrics.csv,2026-05-29T20:53:51.105540
2,UberX,Lasso,baseline,default,fold,fold_4,1,54095.0,15752.0,2021-11-01,2022-04-05,2022-04-13,2022-05-10,35,,,7.113238732960009,13.099798558084196,20.01537837985309,0.772381539134902,,,,,baseline_tscv_fold_metrics.csv,2026-05-29T20:53:51.105540
2,UberX,Lasso,baseline,default,mean,mean,4,39318.5,11308.75,2021-11-01,2022-04-05,2022-01-19,2022-05-10,35,,,7.994234694380868,14.79994208179637,25.296827960288404,0.6733559931607978,1.3541711690190767,2.6758827283134945,6.455011150798393,0.12629136051920545,baseline_tscv_fold_metrics.csv,2026-05-29T20:53:51.228884
2,UberX,LinearRegression,baseline,default,fold,fold_1,1,27535.0,7647.0,2021-11-01,2022-01-11,2022-01-19,2022-02-15,35,,,8.135379108223221,14.558706430051336,32.307588876033385,0.6291713394238756,,,,,baseline_tscv_fold_metrics.csv,2026-05-29T20:53:51.105540
2,UberX,LinearRegression,baseline,default,fold,fold_2,1,33773.0,8940.0,2021-11-01,2022-02-08,2022-02-16,2022-03-15,35,,,9.913545556719228,18.750542112111784,29.577492281625943,0.5093178231109137,,,,,baseline_tscv_fold_metrics.csv,2026-05-29T20:53:51.105540
2,UberX,LinearRegression,baseline,default,fold,fold_3,1,41871.0,12896.0,2021-11-01,2022-03-08,2022-03-16,2022-04-12,35,,,6.890625134912861,12.896514020589828,19.62412620762545,0.7770866998017292,,,,,baseline_tscv_fold_metrics.csv,2026-05-29T20:53:51.105540
2,UberX,LinearRegression,baseline,default,fold,fold_4,1,54095.0,15752.0,2021-11-01,2022-04-05,2022-04-13,2022-05-10,35,,,7.121968377361764,13.110916861207745,20.05527609364628,0.7719949980751144,,,,,baseline_tscv_fold_metrics.csv,2026-05-29T20:53:51.105540
2,UberX,LinearRegression,baseline,default,mean,mean,4,39318.5,11308.75,2021-11-01,2022-04-05,2022-01-19,2022-05-10,35,,,8.015379544304269,14.829169855990173,25.391120864732766,0.6718927151029082,1.3760680822172313,2.7164844172837714,6.508781303945211,0.12824709602843662,baseline_tscv_fold_metrics.csv,2026-05-29T20:53:51.228884
2,UberX,Ridge,baseline,default,fold,fold_1,1,27535.0,7647.0,2021-11-01,2022-01-11,2022-01-19,2022-02-15,35,,,8.136640649666555,14.557690749761669,32.31504018620797,0.6292230789413995,,,,,baseline_tscv_fold_metrics.csv,2026-05-29T20:53:51.105540
2,UberX,Ridge,baseline,default,fold,fold_2,1,33773.0,8940.0,2021-11-01,2022-02-08,2022-02-16,2022-03-15,35,,,9.906204424438636,18.734579364893843,29.5548602674775,0.5101529244599956,,,,,baseline_tscv_fold_metrics.csv,2026-05-29T20:53:51.105540
2,UberX,Ridge,baseline,default,fold,fold_3,1,41871.0,12896.0,2021-11-01,2022-03-08,2022-03-16,2022-04-12,35,,,6.890169677258062,12.89673954253796,19.621949181180977,0.7770789035428023,,,,,baseline_tscv_fold_metrics.csv,2026-05-29T20:53:51.105540
2,UberX,Ridge,baseline,default,fold,fold_4,1,54095.0,15752.0,2021-11-01,2022-04-05,2022-04-13,2022-05-10,35,,,7.12152997774404,13.109846738556673,20.053975863879383,0.7720322164271554,,,,,baseline_tscv_fold_metrics.csv,2026-05-29T20:53:51.105540
2,UberX,Ridge,baseline,default,mean,mean,4,39318.5,11308.75,2021-11-01,2022-04-05,2022-01-19,2022-05-10,35,,,8.013636182276823,14.824714098937536,25.38645637468646,0.6721217808428381,1.3729500013113183,2.709009894208611,6.507579074403099,0.12789618421060328,baseline_tscv_fold_metrics.csv,2026-05-29T20:53:51.228884
2,UberX,LightGBM_Tuned,tuned,optimized,fold,fold_1,1,27535.0,7647.0,2021-11-01,2022-01-11,2022-01-19,2022-02-15,35,350,12.0,5.7137126985900535,11.499044323229072,20.69945004864933,0.7686597444976265,,,,,selected_model_tuning_fold_metrics.csv,2026-05-29T20:53:51.155351
2,UberX,LightGBM_Tuned,tuned,optimized,fold,fold_2,1,33773.0,8940.0,2021-11-01,2022-02-08,2022-02-16,2022-03-15,35,350,12.0,6.552351900206056,13.149513669724168,17.869599732646783,0.7586807270803224,,,,,selected_model_tuning_fold_metrics.csv,2026-05-29T20:53:51.155351
2,UberX,LightGBM_Tuned,tuned,optimized,fold,fold_3,1,41871.0,12896.0,2021-11-01,2022-03-08,2022-03-16,2022-04-12,35,350,12.0,5.548596487203122,10.17354337017002,15.648209019362186,0.8612810496314782,,,,,selected_model_tuning_fold_metrics.csv,2026-05-29T20:53:51.155351
2,UberX,LightGBM_Tuned,tuned,optimized,fold,fold_4,1,54095.0,15752.0,2021-11-01,2022-04-05,2022-04-13,2022-05-10,35,350,12.0,5.890359969801088,10.905899867099452,16.177954584457517,0.842238415537291,,,,,selected_model_tuning_fold_metrics.csv,2026-05-29T20:53:51.155351
2,UberX,LightGBM_Tuned,tuned,optimized,mean,mean,4,39318.5,11308.75,2021-11-01,2022-04-05,2022-01-19,2022-05-10,35,350.0,12.0,5.92625526395008,11.432000307555677,17.598803346278956,0.8077149841866795,0.44010830629778724,1.2668652369750109,2.273834506434711,0.051610272868227065,selected_model_tuning_fold_metrics.csv,2026-05-29T20:53:51.228884
4,Uber Black,LightGBM,advanced,default,fold,fold_1,1,8052.0,2604.0,2021-11-01,2022-01-11,2022-01-19,2022-02-15,30,,,6.213695440071208,10.758756257081505,11.376192390038522,0.924192791066525,,,,,black_advanced_tscv_fold_metrics.csv,2026-05-29T20:53:51.134296
4,Uber Black,LightGBM,advanced,default,fold,fold_2,1,10093.0,3342.0,2021-11-01,2022-02-08,2022-02-16,2022-03-15,30,,,5.847502102647667,9.480941806028712,11.697584879498123,0.9336285868908628,,,,,black_advanced_tscv_fold_metrics.csv,2026-05-29T20:53:51.134296
4,Uber Black,LightGBM,advanced,default,fold,fold_3,1,12992.0,5873.0,2021-11-01,2022-03-08,2022-03-16,2022-04-12,30,,,6.8963328837493,11.449502605174375,11.51436540294417,0.9152062254409734,,,,,black_advanced_tscv_fold_metrics.csv,2026-05-29T20:53:51.134296
4,Uber Black,LightGBM,advanced,default,fold,fold_4,1,18541.0,6238.0,2021-11-01,2022-04-05,2022-04-13,2022-05-10,30,,,6.469935046960374,10.712081491342898,11.250526584344676,0.9341336085827532,,,,,black_advanced_tscv_fold_metrics.csv,2026-05-29T20:53:51.134296
4,Uber Black,LightGBM,advanced,default,mean,mean,4,12419.5,4514.25,2021-11-01,2022-04-05,2022-01-19,2022-05-10,30,,,6.356866368357137,10.600320539906873,11.459667314206373,0.9267903029952786,0.44111922696645434,0.8188836540423351,0.1917503208496527,0.008974485771560339,black_advanced_tscv_fold_metrics.csv,2026-05-29T20:53:51.228884
4,Uber Black,RandomForest,advanced,default,fold,fold_1,1,8052.0,2604.0,2021-11-01,2022-01-11,2022-01-19,2022-02-15,30,,,5.901314247311827,10.924417198992629,9.923089042904168,0.921840292647044,,,,,black_advanced_tscv_fold_metrics.csv,2026-05-29T20:53:51.134296
4,Uber Black,RandomForest,advanced,default,fold,fold_2,1,10093.0,3342.0,2021-11-01,2022-02-08,2022-02-16,2022-03-15,30,,,6.192457989228008,10.328522134809315,11.917036292506824,0.9212311560398002,,,,,black_advanced_tscv_fold_metrics.csv,2026-05-29T20:53:51.134296
4,Uber Black,RandomForest,advanced,default,fold,fold_3,1,12992.0,5873.0,2021-11-01,2022-03-08,2022-03-16,2022-04-12,30,,,7.094500374595606,11.981876692182352,11.858693934348954,0.9071374897362536,,,,,black_advanced_tscv_fold_metrics.csv,2026-05-29T20:53:51.134296
4,Uber Black,RandomForest,advanced,default,fold,fold_4,1,18541.0,6238.0,2021-11-01,2022-04-05,2022-04-13,2022-05-10,30,,,6.59416739339532,11.170840795633293,11.2277660812128,0.9283711696181076,,,,,black_advanced_tscv_fold_metrics.csv,2026-05-29T20:53:51.134296
4,Uber Black,RandomForest,advanced,default,mean,mean,4,12419.5,4514.25,2021-11-01,2022-04-05,2022-01-19,2022-05-10,30,,,6.445610001132691,11.101414205404398,11.231646337743186,0.9196450270103014,0.5175170928988806,0.6852552651193838,0.9265141353062961,0.008942763368361915,black_advanced_tscv_fold_metrics.csv,2026-05-29T20:53:51.228884
4,Uber Black,XGBoost,advanced,default,fold,fold_1,1,8052.0,2604.0,2021-11-01,2022-01-11,2022-01-19,2022-02-15,30,,,6.907631465843014,11.750186431918175,13.85342839639697,0.9095776302578784,,,,,black_advanced_tscv_fold_metrics.csv,2026-05-29T20:53:51.134296
4,Uber Black,XGBoost,advanced,default,fold,fold_2,1,10093.0,3342.0,2021-11-01,2022-02-08,2022-02-16,2022-03-15,30,,,6.358598390518726,10.135722831479296,12.989927159144116,0.9241444163266196,,,,,black_advanced_tscv_fold_metrics.csv,2026-05-29T20:53:51.134296
4,Uber Black,XGBoost,advanced,default,fold,fold_3,1,12992.0,5873.0,2021-11-01,2022-03-08,2022-03-16,2022-04-12,30,,,7.756458374126063,12.145895549847724,14.44750172489602,0.904577715078841,,,,,black_advanced_tscv_fold_metrics.csv,2026-05-29T20:53:51.134296
4,Uber Black,XGBoost,advanced,default,fold,fold_4,1,18541.0,6238.0,2021-11-01,2022-04-05,2022-04-13,2022-05-10,30,,,6.7387459631537965,11.280413541660264,11.576655355433708,0.9269590896555836,,,,,black_advanced_tscv_fold_metrics.csv,2026-05-29T20:53:51.134296
4,Uber Black,XGBoost,advanced,default,mean,mean,4,12419.5,4514.25,2021-11-01,2022-04-05,2022-01-19,2022-05-10,30,,,6.9403585484104,11.328054588726365,13.216878158967702,0.9163147128297306,0.5905315411588964,0.8700543698393916,1.2465242566623975,0.01092020165632324,black_advanced_tscv_fold_metrics.csv,2026-05-29T20:53:51.228884
4,Uber Black,Lasso,baseline,default,fold,fold_1,1,8052.0,2604.0,2021-11-01,2022-01-11,2022-01-19,2022-02-15,30,,,9.902986243000797,14.734845564842974,25.23389154800969,0.8578072194688074,,,,,baseline_tscv_fold_metrics.csv,2026-05-29T20:53:51.105540
4,Uber Black,Lasso,baseline,default,fold,fold_2,1,10093.0,3342.0,2021-11-01,2022-02-08,2022-02-16,2022-03-15,30,,,9.28576474383196,13.5201256410125,22.06154537260825,0.8650292822322465,,,,,baseline_tscv_fold_metrics.csv,2026-05-29T20:53:51.105540
4,Uber Black,Lasso,baseline,default,fold,fold_3,1,12992.0,5873.0,2021-11-01,2022-03-08,2022-03-16,2022-04-12,30,,,10.15701094824265,15.081315405431578,20.587955039668405,0.8528808615069193,,,,,baseline_tscv_fold_metrics.csv,2026-05-29T20:53:51.105540
4,Uber Black,Lasso,baseline,default,fold,fold_4,1,18541.0,6238.0,2021-11-01,2022-04-05,2022-04-13,2022-05-10,30,,,10.309211830028666,15.317052849233342,20.17774990809477,0.8653313344807151,,,,,baseline_tscv_fold_metrics.csv,2026-05-29T20:53:51.105540
4,Uber Black,Lasso,baseline,default,mean,mean,4,12419.5,4514.25,2021-11-01,2022-04-05,2022-01-19,2022-05-10,30,,,9.913743441276019,14.663334865130098,22.01528546709528,0.8602621744221721,0.45094245316767523,0.7987690623894811,2.2931328034377785,0.006025841151461124,baseline_tscv_fold_metrics.csv,2026-05-29T20:53:51.228884
4,Uber Black,LinearRegression,baseline,default,fold,fold_1,1,8052.0,2604.0,2021-11-01,2022-01-11,2022-01-19,2022-02-15,30,,,9.904968743167029,14.75431057409187,25.22559216951012,0.8574312926328859,,,,,baseline_tscv_fold_metrics.csv,2026-05-29T20:53:51.105540
4,Uber Black,LinearRegression,baseline,default,fold,fold_2,1,10093.0,3342.0,2021-11-01,2022-02-08,2022-02-16,2022-03-15,30,,,9.269368585995014,13.52422969698956,21.907428296410718,0.8649473286367743,,,,,baseline_tscv_fold_metrics.csv,2026-05-29T20:53:51.105540
4,Uber Black,LinearRegression,baseline,default,fold,fold_3,1,12992.0,5873.0,2021-11-01,2022-03-08,2022-03-16,2022-04-12,30,,,10.161935189605003,15.08976447970037,20.588076959225784,0.8527159728767701,,,,,baseline_tscv_fold_metrics.csv,2026-05-29T20:53:51.105540
4,Uber Black,LinearRegression,baseline,default,fold,fold_4,1,18541.0,6238.0,2021-11-01,2022-04-05,2022-04-13,2022-05-10,30,,,10.312603284967524,15.319965906103771,20.20803456263453,0.8652801059853228,,,,,baseline_tscv_fold_metrics.csv,2026-05-29T20:53:51.105540
4,Uber Black,LinearRegression,baseline,default,mean,mean,4,12419.5,4514.25,2021-11-01,2022-04-05,2022-01-19,2022-05-10,30,,,9.912218950933642,14.672067664221393,21.982282996945287,0.8600936750329382,0.4604255176863805,0.7996954955353168,2.281551051171328,0.0061094404675365215,baseline_tscv_fold_metrics.csv,2026-05-29T20:53:51.228884
4,Uber Black,Ridge,baseline,default,fold,fold_1,1,8052.0,2604.0,2021-11-01,2022-01-11,2022-01-19,2022-02-15,30,,,9.910428066840357,14.688665235889337,25.35733955211541,0.8586971126591947,,,,,baseline_tscv_fold_metrics.csv,2026-05-29T20:53:51.105540
4,Uber Black,Ridge,baseline,default,fold,fold_2,1,10093.0,3342.0,2021-11-01,2022-02-08,2022-02-16,2022-03-15,30,,,9.269075290523416,13.480131815633742,22.0996398185482,0.8658266137907578,,,,,baseline_tscv_fold_metrics.csv,2026-05-29T20:53:51.105540
4,Uber Black,Ridge,baseline,default,fold,fold_3,1,12992.0,5873.0,2021-11-01,2022-03-08,2022-03-16,2022-04-12,30,,,10.158319586722012,15.082538582835742,20.595681667849128,0.8528569962009209,,,,,baseline_tscv_fold_metrics.csv,2026-05-29T20:53:51.105540
4,Uber Black,Ridge,baseline,default,fold,fold_4,1,18541.0,6238.0,2021-11-01,2022-04-05,2022-04-13,2022-05-10,30,,,10.315492280390629,15.320242697767124,20.176014824233064,0.8652752378699967,,,,,baseline_tscv_fold_metrics.csv,2026-05-29T20:53:51.105540
4,Uber Black,Ridge,baseline,default,mean,mean,4,12419.5,4514.25,2021-11-01,2022-04-05,2022-01-19,2022-05-10,30,,,9.913328806119104,14.642894583031486,22.05716896568645,0.8606639901302175,0.46073381659563206,0.8177610737065975,2.3500082055545204,0.006130091080782823,baseline_tscv_fold_metrics.csv,2026-05-29T20:53:51.228884
4,Uber Black,LightGBM_Tuned,tuned,optimized,fold,fold_1,1,8052.0,2604.0,2021-11-01,2022-01-11,2022-01-19,2022-02-15,30,400,13.0,5.969766891379721,9.928048816144068,11.8095310709675,0.9354473347925164,,,,,selected_model_tuning_fold_metrics.csv,2026-05-29T20:53:51.155351
4,Uber Black,LightGBM_Tuned,tuned,optimized,fold,fold_2,1,10093.0,3342.0,2021-11-01,2022-02-08,2022-02-16,2022-03-15,30,400,13.0,6.153697890345601,9.545391925012089,12.913663237865716,0.9327231526042274,,,,,selected_model_tuning_fold_metrics.csv,2026-05-29T20:53:51.155351
4,Uber Black,LightGBM_Tuned,tuned,optimized,fold,fold_3,1,12992.0,5873.0,2021-11-01,2022-03-08,2022-03-16,2022-04-12,30,400,13.0,6.955651711291088,11.232944346458176,11.889094345239473,0.9183835046595592,,,,,selected_model_tuning_fold_metrics.csv,2026-05-29T20:53:51.155351
4,Uber Black,LightGBM_Tuned,tuned,optimized,fold,fold_4,1,18541.0,6238.0,2021-11-01,2022-04-05,2022-04-13,2022-05-10,30,400,13.0,6.555129334790631,10.6392052442538,11.703438247543472,0.9350267622535312,,,,,selected_model_tuning_fold_metrics.csv,2026-05-29T20:53:51.155351
4,Uber Black,LightGBM_Tuned,tuned,optimized,mean,mean,4,12419.5,4514.25,2021-11-01,2022-04-05,2022-01-19,2022-05-10,30,400.0,13.0,6.408561456951761,10.336397582967033,12.07893172540404,0.9303951885774586,0.4390466936314131,0.7500949373563708,0.5616603342860538,0.008096822898492652,selected_model_tuning_fold_metrics.csv,2026-05-29T20:53:51.228884
9,Uber Comfort,LightGBM,advanced,default,fold,fold_1,1,14563.0,5536.0,2021-11-01,2022-01-11,2022-01-19,2022-02-15,31,,,3.557592438195637,6.162325442454391,8.144318472408305,0.9699946807238524,,,,,comfort_advanced_tscv_fold_metrics.csv,2026-05-29T20:53:51.125155
9,Uber Comfort,LightGBM,advanced,default,fold,fold_2,1,18980.0,6580.0,2021-11-01,2022-02-08,2022-02-16,2022-03-15,31,,,3.984240828708407,7.046486245773568,8.487641267538239,0.9612812058507456,,,,,comfort_advanced_tscv_fold_metrics.csv,2026-05-29T20:53:51.125155
9,Uber Comfort,LightGBM,advanced,default,fold,fold_3,1,24772.0,10979.0,2021-11-01,2022-03-08,2022-03-16,2022-04-12,31,,,4.909277294468281,8.924839192465852,8.90741727915931,0.9411339834241296,,,,,comfort_advanced_tscv_fold_metrics.csv,2026-05-29T20:53:51.125155
9,Uber Comfort,LightGBM,advanced,default,fold,fold_4,1,35107.0,11063.0,2021-11-01,2022-04-05,2022-04-13,2022-05-10,31,,,4.1484135196899965,7.735872897286559,7.799414582822338,0.9582502917750828,,,,,comfort_advanced_tscv_fold_metrics.csv,2026-05-29T20:53:51.125155
9,Uber Comfort,LightGBM,advanced,default,mean,mean,4,23355.5,8539.5,2021-11-01,2022-04-05,2022-01-19,2022-05-10,31,,,4.14988102026558,7.467380944495092,8.334697900482048,0.9576650404434526,0.564188884547366,1.1657036049971932,0.47405053072340475,0.012092904903210055,comfort_advanced_tscv_fold_metrics.csv,2026-05-29T20:53:51.228884
9,Uber Comfort,RandomForest,advanced,default,fold,fold_1,1,14563.0,5536.0,2021-11-01,2022-01-11,2022-01-19,2022-02-15,31,,,3.6298425939306354,6.628177527776532,7.842062093238081,0.965286591785467,,,,,comfort_advanced_tscv_fold_metrics.csv,2026-05-29T20:53:51.125155
9,Uber Comfort,RandomForest,advanced,default,fold,fold_2,1,18980.0,6580.0,2021-11-01,2022-02-08,2022-02-16,2022-03-15,31,,,4.116948708206687,7.88858200155804,8.640035822261964,0.9514739998867732,,,,,comfort_advanced_tscv_fold_metrics.csv,2026-05-29T20:53:51.125155
9,Uber Comfort,RandomForest,advanced,default,fold,fold_3,1,24772.0,10979.0,2021-11-01,2022-03-08,2022-03-16,2022-04-12,31,,,4.884468895163495,9.105995435150428,9.03509049193136,0.93872000722609,,,,,comfort_advanced_tscv_fold_metrics.csv,2026-05-29T20:53:51.125155
9,Uber Comfort,RandomForest,advanced,default,fold,fold_4,1,35107.0,11063.0,2021-11-01,2022-04-05,2022-04-13,2022-05-10,31,,,4.158716351803308,7.997905049237315,7.553009111126715,0.95537406984207,,,,,comfort_advanced_tscv_fold_metrics.csv,2026-05-29T20:53:51.125155
9,Uber Comfort,RandomForest,advanced,default,mean,mean,4,23355.5,8539.5,2021-11-01,2022-04-05,2022-01-19,2022-05-10,31,,,4.197494137276031,7.905165003430579,8.26754937963953,0.9527136671851,0.5170924725253317,1.0135032397200507,0.6878645058467375,0.010992656175263375,comfort_advanced_tscv_fold_metrics.csv,2026-05-29T20:53:51.228884
9,Uber Comfort,XGBoost,advanced,default,fold,fold_1,1,14563.0,5536.0,2021-11-01,2022-01-11,2022-01-19,2022-02-15,31,,,3.7271568590023607,6.463827833080631,8.576521131749706,0.966986729367416,,,,,comfort_advanced_tscv_fold_metrics.csv,2026-05-29T20:53:51.125155
9,Uber Comfort,XGBoost,advanced,default,fold,fold_2,1,18980.0,6580.0,2021-11-01,2022-02-08,2022-02-16,2022-03-15,31,,,4.061468090196511,7.311036332032099,8.539109969199728,0.958319349295408,,,,,comfort_advanced_tscv_fold_metrics.csv,2026-05-29T20:53:51.125155
9,Uber Comfort,XGBoost,advanced,default,fold,fold_3,1,24772.0,10979.0,2021-11-01,2022-03-08,2022-03-16,2022-04-12,31,,,5.385839638703508,9.09690118732782,11.019360832903462,0.9388423479754529,,,,,comfort_advanced_tscv_fold_metrics.csv,2026-05-29T20:53:51.125155
9,Uber Comfort,XGBoost,advanced,default,fold,fold_4,1,35107.0,11063.0,2021-11-01,2022-04-05,2022-04-13,2022-05-10,31,,,4.10825969352436,7.526838546926799,7.849095736240643,0.960476081566618,,,,,comfort_advanced_tscv_fold_metrics.csv,2026-05-29T20:53:51.125155
9,Uber Comfort,XGBoost,advanced,default,mean,mean,4,23355.5,8539.5,2021-11-01,2022-04-05,2022-01-19,2022-05-10,31,,,4.3206810703566845,7.599650974841838,8.996021917523384,0.9561561270512238,0.7301022703715977,1.0985524520708587,1.3897349231165026,0.012116248455537165,comfort_advanced_tscv_fold_metrics.csv,2026-05-29T20:53:51.228884
9,Uber Comfort,Lasso,baseline,default,fold,fold_1,1,14563.0,5536.0,2021-11-01,2022-01-11,2022-01-19,2022-02-15,31,,,5.48613134445601,8.170496116743426,15.73452053990419,0.9472520182366264,,,,,baseline_tscv_fold_metrics.csv,2026-05-29T20:53:51.105540
9,Uber Comfort,Lasso,baseline,default,fold,fold_2,1,18980.0,6580.0,2021-11-01,2022-02-08,2022-02-16,2022-03-15,31,,,5.191029479061393,8.64484851159776,11.990146826874897,0.9417237791143916,,,,,baseline_tscv_fold_metrics.csv,2026-05-29T20:53:51.105540
9,Uber Comfort,Lasso,baseline,default,fold,fold_3,1,24772.0,10979.0,2021-11-01,2022-03-08,2022-03-16,2022-04-12,31,,,5.94623029406188,10.037875274441165,11.854515464829811,0.925535815269272,,,,,baseline_tscv_fold_metrics.csv,2026-05-29T20:53:51.105540
9,Uber Comfort,Lasso,baseline,default,fold,fold_4,1,35107.0,11063.0,2021-11-01,2022-04-05,2022-04-13,2022-05-10,31,,,5.76119174141415,9.97810273911012,11.814185319240297,0.9305406465821636,,,,,baseline_tscv_fold_metrics.csv,2026-05-29T20:53:51.105540
9,Uber Comfort,Lasso,baseline,default,mean,mean,4,23355.5,8539.5,2021-11-01,2022-04-05,2022-01-19,2022-05-10,31,,,5.596145714748358,9.207830660473117,12.8483420377123,0.9362630648006134,0.3296572612473392,0.9443348614893506,1.9255905364110175,0.009973238377612902,baseline_tscv_fold_metrics.csv,2026-05-29T20:53:51.228884
9,Uber Comfort,LinearRegression,baseline,default,fold,fold_1,1,14563.0,5536.0,2021-11-01,2022-01-11,2022-01-19,2022-02-15,31,,,5.501977546105682,8.184679668442353,15.801437019777168,0.947068723833588,,,,,baseline_tscv_fold_metrics.csv,2026-05-29T20:53:51.105540
9,Uber Comfort,LinearRegression,baseline,default,fold,fold_2,1,18980.0,6580.0,2021-11-01,2022-02-08,2022-02-16,2022-03-15,31,,,5.207682941899938,8.662610732706073,12.04565856111518,0.9414840574989222,,,,,baseline_tscv_fold_metrics.csv,2026-05-29T20:53:51.105540
9,Uber Comfort,LinearRegression,baseline,default,fold,fold_3,1,24772.0,10979.0,2021-11-01,2022-03-08,2022-03-16,2022-04-12,31,,,5.935306107219689,9.855024536111676,11.866225329020605,0.9282239972308736,,,,,baseline_tscv_fold_metrics.csv,2026-05-29T20:53:51.105540
9,Uber Comfort,LinearRegression,baseline,default,fold,fold_4,1,35107.0,11063.0,2021-11-01,2022-04-05,2022-04-13,2022-05-10,31,,,5.77582260920069,10.111284167672473,11.845248040213766,0.9286740728679048,,,,,baseline_tscv_fold_metrics.csv,2026-05-29T20:53:51.105540
9,Uber Comfort,LinearRegression,baseline,default,mean,mean,4,23355.5,8539.5,2021-11-01,2022-04-05,2022-01-19,2022-05-10,31,,,5.605197301106499,9.203399776233145,12.88964223753168,0.9363627128578221,0.3197690850356159,0.9272023050593502,1.9432789050114296,0.009419849943904513,baseline_tscv_fold_metrics.csv,2026-05-29T20:53:51.228884
9,Uber Comfort,Ridge,baseline,default,fold,fold_1,1,14563.0,5536.0,2021-11-01,2022-01-11,2022-01-19,2022-02-15,31,,,5.498657072649215,8.18129192954543,15.790870393274329,0.947112532568829,,,,,baseline_tscv_fold_metrics.csv,2026-05-29T20:53:51.105540
9,Uber Comfort,Ridge,baseline,default,fold,fold_2,1,18980.0,6580.0,2021-11-01,2022-02-08,2022-02-16,2022-03-15,31,,,5.2004659530503705,8.655703092324478,12.026396690927603,0.941577342523668,,,,,baseline_tscv_fold_metrics.csv,2026-05-29T20:53:51.105540
9,Uber Comfort,Ridge,baseline,default,fold,fold_3,1,24772.0,10979.0,2021-11-01,2022-03-08,2022-03-16,2022-04-12,31,,,5.9424666360483895,9.939679660685766,11.866941984981704,0.9269855824743805,,,,,baseline_tscv_fold_metrics.csv,2026-05-29T20:53:51.105540
9,Uber Comfort,Ridge,baseline,default,fold,fold_4,1,35107.0,11063.0,2021-11-01,2022-04-05,2022-04-13,2022-05-10,31,,,5.771033987074563,10.049953027976484,11.838025012111492,0.9295367196523616,,,,,baseline_tscv_fold_metrics.csv,2026-05-29T20:53:51.105540
9,Uber Comfort,Ridge,baseline,default,mean,mean,4,23355.5,8539.5,2021-11-01,2022-04-05,2022-01-19,2022-05-10,31,,,5.603155912205635,9.20665692763304,12.880558520323781,0.9363030443048097,0.3247532530037219,0.9315567880294001,1.9419751307280464,0.009613558177477895,baseline_tscv_fold_metrics.csv,2026-05-29T20:53:51.228884
9,Uber Comfort,LightGBM_Tuned,tuned,optimized,fold,fold_1,1,14563.0,5536.0,2021-11-01,2022-01-11,2022-01-19,2022-02-15,31,300,12.0,3.722586524050495,6.348340785223325,8.69911134573154,0.9681558650538902,,,,,selected_model_tuning_fold_metrics.csv,2026-05-29T20:53:51.155351
9,Uber Comfort,LightGBM_Tuned,tuned,optimized,fold,fold_2,1,18980.0,6580.0,2021-11-01,2022-02-08,2022-02-16,2022-03-15,31,300,12.0,4.087061790060666,7.076233971876638,9.017629335285733,0.9609536021977552,,,,,selected_model_tuning_fold_metrics.csv,2026-05-29T20:53:51.155351
9,Uber Comfort,LightGBM_Tuned,tuned,optimized,fold,fold_3,1,24772.0,10979.0,2021-11-01,2022-03-08,2022-03-16,2022-04-12,31,300,12.0,4.932207403284683,8.676036686798177,9.33847864637418,0.94437031401981,,,,,selected_model_tuning_fold_metrics.csv,2026-05-29T20:53:51.155351
9,Uber Comfort,LightGBM_Tuned,tuned,optimized,fold,fold_4,1,35107.0,11063.0,2021-11-01,2022-04-05,2022-04-13,2022-05-10,31,300,12.0,4.045328162441969,7.589879552607811,7.714669557111842,0.9598112441693024,,,,,selected_model_tuning_fold_metrics.csv,2026-05-29T20:53:51.155351
9,Uber Comfort,LightGBM_Tuned,tuned,optimized,mean,mean,4,23355.5,8539.5,2021-11-01,2022-04-05,2022-01-19,2022-05-10,31,300.0,12.0,4.196795969959453,7.422622749126488,8.692472221125824,0.9583227563601895,0.5166199963244948,0.978619480089635,0.7021855353298326,0.010008290223986992,selected_model_tuning_fold_metrics.csv,2026-05-29T20:53:51.228884
