CategoryID,DatasetName,ModelName,TrialNumber,TrialState,MeanRMSE,MeanMAE,MeanMAPE,MeanR2,StdRMSE,StdMAE,NumBoostRound,ParamsJSON,IsBestTrial
2,UberX,LightGBM,12,COMPLETE,11.432000307555677,5.926255263950075,17.59880334627895,0.8077149841866795,1.266865236975012,0.44010830629779135,350,"{""bagging_fraction"": 0.85, ""bagging_freq"": 5, ""deterministic"": true, ""feature_fraction"": 0.6, ""force_col_wise"": true, ""lambda_l1"": 1.06306407977467e-08, ""lambda_l2"": 9.868745464853728, ""learning_rate"": 0.02714108732037047, ""max_depth"": -1, ""metric"": ""l2"", ""min_data_in_leaf"": 70, ""min_gain_to_split"": 0.004536471339817827, ""num_boost_round"": 350, ""num_leaves"": 99, ""num_threads"": -1, ""objective"": ""regression"", ""seed"": 42, ""verbosity"": -1}",True
2,UberX,LightGBM,10,COMPLETE,11.50121319230742,5.931178711896235,17.700748542873505,0.8056594441746827,1.248707019376155,0.4399866553005169,300,"{""bagging_fraction"": 0.85, ""bagging_freq"": 5, ""deterministic"": true, ""feature_fraction"": 0.6, ""force_col_wise"": true, ""lambda_l1"": 1.3796390885710078e-08, ""lambda_l2"": 3.338397703753265, ""learning_rate"": 0.02096895585945003, ""max_depth"": -1, ""metric"": ""l2"", ""min_data_in_leaf"": 70, ""min_gain_to_split"": 0.012311169564937496, ""num_boost_round"": 300, ""num_leaves"": 121, ""num_threads"": -1, ""objective"": ""regression"", ""seed"": 42, ""verbosity"": -1}",False
2,UberX,LightGBM,11,COMPLETE,11.516791529468097,5.939459704072078,17.708549245914966,0.8051430916945523,1.2199189995765203,0.42285267357237305,300,"{""bagging_fraction"": 0.85, ""bagging_freq"": 5, ""deterministic"": true, ""feature_fraction"": 0.6, ""force_col_wise"": true, ""lambda_l1"": 1.1983997827944372e-08, ""lambda_l2"": 4.8078021622742115, ""learning_rate"": 0.020404941634045298, ""max_depth"": -1, ""metric"": ""l2"", ""min_data_in_leaf"": 70, ""min_gain_to_split"": 0.07207887002123212, ""num_boost_round"": 300, ""num_leaves"": 123, ""num_threads"": -1, ""objective"": ""regression"", ""seed"": 42, ""verbosity"": -1}",False
2,UberX,LightGBM,2,COMPLETE,11.537211534817207,5.91513768934949,17.331654281095904,0.8035432506640255,1.4928040938381264,0.5408919296392596,250,"{""bagging_fraction"": 0.6, ""bagging_freq"": 10, ""deterministic"": true, ""feature_fraction"": 0.8, ""force_col_wise"": true, ""lambda_l1"": 2.133142332373004e-06, ""lambda_l2"": 0.009176996354542699, ""learning_rate"": 0.023231731978492907, ""max_depth"": -1, ""metric"": ""l2"", ""min_data_in_leaf"": 40, ""min_gain_to_split"": 0.31171107608941095, ""num_boost_round"": 250, ""num_leaves"": 123, ""num_threads"": -1, ""objective"": ""regression"", ""seed"": 42, ""verbosity"": -1}",False
2,UberX,LightGBM,14,COMPLETE,11.593881524618416,6.415186395422266,19.995518565479507,0.8021697251460429,1.2561487372712443,0.43590640688193705,400,"{""bagging_fraction"": 0.85, ""bagging_freq"": 6, ""deterministic"": true, ""feature_fraction"": 0.6, ""force_col_wise"": true, ""lambda_l1"": 1.258575710559762e-07, ""lambda_l2"": 0.27410262472733704, ""learning_rate"": 0.10138111848667773, ""max_depth"": -1, ""metric"": ""l2"", ""min_data_in_leaf"": 80, ""min_gain_to_split"": 0.039180326742309236, ""num_boost_round"": 400, ""num_leaves"": 101, ""num_threads"": -1, ""objective"": ""regression"", ""seed"": 42, ""verbosity"": -1}",False
2,UberX,LightGBM,4,COMPLETE,11.662500601248832,5.899012264901565,17.312035180334213,0.7997077178784346,1.4194785679406412,0.5706524841096506,100,"{""bagging_fraction"": 0.9, ""bagging_freq"": 8, ""deterministic"": true, ""feature_fraction"": 0.95, ""force_col_wise"": true, ""lambda_l1"": 0.08738424135626986, ""lambda_l2"": 4.638759594322625e-08, ""learning_rate"": 0.03819130560209075, ""max_depth"": 8, ""metric"": ""l2"", ""min_data_in_leaf"": 20, ""min_gain_to_split"": 0.3584657285442726, ""num_boost_round"": 100, ""num_leaves"": 77, ""num_threads"": -1, ""objective"": ""regression"", ""seed"": 42, ""verbosity"": -1}",False
2,UberX,LightGBM,7,COMPLETE,11.72492259968128,6.659504012693516,21.041999149504342,0.7967737592428583,1.725106450277129,0.7050442154315847,400,"{""bagging_fraction"": 0.7, ""bagging_freq"": 1, ""deterministic"": true, ""feature_fraction"": 1.0, ""force_col_wise"": true, ""lambda_l1"": 1.1256839212661599e-06, ""lambda_l2"": 6.98184330520185e-05, ""learning_rate"": 0.17010913962119048, ""max_depth"": 10, ""metric"": ""l2"", ""min_data_in_leaf"": 170, ""min_gain_to_split"": 0.8180147659224931, ""num_boost_round"": 400, ""num_leaves"": 107, ""num_threads"": -1, ""objective"": ""regression"", ""seed"": 42, ""verbosity"": -1}",False
2,UberX,LightGBM,0,COMPLETE,11.794635305405755,6.044172135402045,17.5780261831449,0.794898437872133,1.3752940628393853,0.5069747295980613,150,"{""bagging_fraction"": 0.6, ""bagging_freq"": 10, ""deterministic"": true, ""feature_fraction"": 0.9, ""force_col_wise"": true, ""lambda_l1"": 0.31044435499483225, ""lambda_l2"": 8.148018307012941e-07, ""learning_rate"": 0.047377279007281566, ""max_depth"": 12, ""metric"": ""l2"", ""min_data_in_leaf"": 130, ""min_gain_to_split"": 0.18182496720710062, ""num_boost_round"": 150, ""num_leaves"": 123, ""num_threads"": -1, ""objective"": ""regression"", ""seed"": 42, ""verbosity"": -1}",False
2,UberX,LightGBM,5,COMPLETE,11.798602173777537,6.5448441127561985,20.416475800760622,0.7947030712320059,1.4244769370730153,0.5400943322363909,250,"{""bagging_fraction"": 0.65, ""bagging_freq"": 7, ""deterministic"": true, ""feature_fraction"": 0.8, ""force_col_wise"": true, ""lambda_l1"": 0.0703178263660987, ""lambda_l2"": 0.0011258869313624915, ""learning_rate"": 0.1459262497942231, ""max_depth"": 10, ""metric"": ""l2"", ""min_data_in_leaf"": 180, ""min_gain_to_split"": 0.770967179954561, ""num_boost_round"": 250, ""num_leaves"": 86, ""num_threads"": -1, ""objective"": ""regression"", ""seed"": 42, ""verbosity"": -1}",False
2,UberX,LightGBM,8,COMPLETE,11.827915977026123,5.9010718754867515,16.9306772640393,0.7939993707599213,1.3359426484776493,0.4906924126104292,200,"{""bagging_fraction"": 0.75, ""bagging_freq"": 10, ""deterministic"": true, ""feature_fraction"": 0.9, ""force_col_wise"": true, ""lambda_l1"": 4.592251392089998, ""lambda_l2"": 1.845188173664121e-06, ""learning_rate"": 0.02032273369060574, ""max_depth"": 10, ""metric"": ""l2"", ""min_data_in_leaf"": 110, ""min_gain_to_split"": 0.49724850589238545, ""num_boost_round"": 200, ""num_leaves"": 73, ""num_threads"": -1, ""objective"": ""regression"", ""seed"": 42, ""verbosity"": -1}",False
2,UberX,LightGBM,6,COMPLETE,11.874546953156962,6.138272619555498,18.017182504589293,0.7926641942484292,1.2831828388166278,0.47430483043329336,150,"{""bagging_fraction"": 0.75, ""bagging_freq"": 8, ""deterministic"": true, ""feature_fraction"": 0.7, ""force_col_wise"": true, ""lambda_l1"": 1.1459970229341322e-06, ""lambda_l2"": 4.929685216887945e-08, ""learning_rate"": 0.06664427151092471, ""max_depth"": 8, ""metric"": ""l2"", ""min_data_in_leaf"": 190, ""min_gain_to_split"": 0.289751452913768, ""num_boost_round"": 150, ""num_leaves"": 64, ""num_threads"": -1, ""objective"": ""regression"", ""seed"": 42, ""verbosity"": -1}",False
2,UberX,LightGBM,3,COMPLETE,11.94647517512849,6.397087281388052,19.595692096571504,0.7887628558156166,1.893745235933776,0.7542930912262121,200,"{""bagging_fraction"": 0.6, ""bagging_freq"": 3, ""deterministic"": true, ""feature_fraction"": 0.65, ""force_col_wise"": true, ""lambda_l1"": 3.148441347423712e-05, ""lambda_l2"": 2.7678419414850017e-06, ""learning_rate"": 0.07042717610935736, ""max_depth"": -1, ""metric"": ""l2"", ""min_data_in_leaf"": 30, ""min_gain_to_split"": 0.8287375091519293, ""num_boost_round"": 200, ""num_leaves"": 36, ""num_threads"": -1, ""objective"": ""regression"", ""seed"": 42, ""verbosity"": -1}",False
2,UberX,LightGBM,9,COMPLETE,11.952671952975304,6.260351336121042,18.75429583535863,0.7877870993548617,1.9645536300209918,0.8186099472284382,350,"{""bagging_fraction"": 1.0, ""bagging_freq"": 2, ""deterministic"": true, ""feature_fraction"": 0.8, ""force_col_wise"": true, ""lambda_l1"": 0.01120004910182874, ""lambda_l2"": 0.07154454696139187, ""learning_rate"": 0.0385363422189524, ""max_depth"": 10, ""metric"": ""l2"", ""min_data_in_leaf"": 40, ""min_gain_to_split"": 0.23763754399239967, ""num_boost_round"": 350, ""num_leaves"": 20, ""num_threads"": -1, ""objective"": ""regression"", ""seed"": 42, ""verbosity"": -1}",False
2,UberX,LightGBM,13,COMPLETE,12.022481260905952,6.23201978878592,18.708562650698006,0.7871523732460726,1.3124828963915014,0.5518454914487705,350,"{""bagging_fraction"": 0.9, ""bagging_freq"": 4, ""deterministic"": true, ""feature_fraction"": 0.7, ""force_col_wise"": true, ""lambda_l1"": 1.7888172387740095e-08, ""lambda_l2"": 5.849266050891466, ""learning_rate"": 0.029082983916072076, ""max_depth"": 4, ""metric"": ""l2"", ""min_data_in_leaf"": 70, ""min_gain_to_split"": 0.036566179119160665, ""num_boost_round"": 350, ""num_leaves"": 100, ""num_threads"": -1, ""objective"": ""regression"", ""seed"": 42, ""verbosity"": -1}",False
2,UberX,LightGBM,1,COMPLETE,12.033003603813164,6.039620476333241,17.540843311883826,0.7868788633074965,1.325202793606322,0.5357379424364872,150,"{""bagging_fraction"": 0.65, ""bagging_freq"": 5, ""deterministic"": true, ""feature_fraction"": 0.95, ""force_col_wise"": true, ""lambda_l1"": 0.0021465011216654484, ""lambda_l2"": 2.6185068507773707e-08, ""learning_rate"": 0.04029695576831731, ""max_depth"": 6, ""metric"": ""l2"", ""min_data_in_leaf"": 100, ""min_gain_to_split"": 0.6075448519014384, ""num_boost_round"": 150, ""num_leaves"": 75, ""num_threads"": -1, ""objective"": ""regression"", ""seed"": 42, ""verbosity"": -1}",False
4,Uber Black,LightGBM,11,COMPLETE,10.284137707880458,6.349645432934903,11.863938031485507,0.9310185390407641,0.9071814080851212,0.565105631610752,350,"{""bagging_fraction"": 1.0, ""bagging_freq"": 0, ""deterministic"": true, ""feature_fraction"": 0.7, ""force_col_wise"": true, ""lambda_l1"": 0.00021535541293642255, ""lambda_l2"": 0.13241042802392494, ""learning_rate"": 0.08255949675641235, ""max_depth"": 4, ""metric"": ""l2"", ""min_data_in_leaf"": 60, ""min_gain_to_split"": 0.09736015645089524, ""num_boost_round"": 350, ""num_leaves"": 18, ""num_threads"": -1, ""objective"": ""regression"", ""seed"": 42, ""verbosity"": -1}",True
4,Uber Black,LightGBM,13,COMPLETE,10.408118515744919,6.45156571797357,12.158883269425125,0.9293555147337034,0.9173663564120694,0.5568010886806628,300,"{""bagging_fraction"": 0.85, ""bagging_freq"": 4, ""deterministic"": true, ""feature_fraction"": 0.7, ""force_col_wise"": true, ""lambda_l1"": 8.510775712071966e-05, ""lambda_l2"": 8.869099452142764e-06, ""learning_rate"": 0.10079249027794258, ""max_depth"": 4, ""metric"": ""l2"", ""min_data_in_leaf"": 70, ""min_gain_to_split"": 0.06845155645656359, ""num_boost_round"": 300, ""num_leaves"": 45, ""num_threads"": -1, ""objective"": ""regression"", ""seed"": 42, ""verbosity"": -1}",False
4,Uber Black,LightGBM,3,COMPLETE,10.424543384421934,6.303198140137977,11.66662164860382,0.9291539379959964,0.598551874551096,0.4905853524152381,200,"{""bagging_fraction"": 0.6, ""bagging_freq"": 3, ""deterministic"": true, ""feature_fraction"": 0.65, ""force_col_wise"": true, ""lambda_l1"": 3.148441347423712e-05, ""lambda_l2"": 2.7678419414850017e-06, ""learning_rate"": 0.07042717610935736, ""max_depth"": -1, ""metric"": ""l2"", ""min_data_in_leaf"": 30, ""min_gain_to_split"": 0.8287375091519293, ""num_boost_round"": 200, ""num_leaves"": 36, ""num_threads"": -1, ""objective"": ""regression"", ""seed"": 42, ""verbosity"": -1}",False
4,Uber Black,LightGBM,12,COMPLETE,10.431076533309941,6.444937848818532,12.098551114420488,0.9290755222591437,0.7923931350565354,0.490036797246805,400,"{""bagging_fraction"": 1.0, ""bagging_freq"": 0, ""deterministic"": true, ""feature_fraction"": 0.65, ""force_col_wise"": true, ""lambda_l1"": 0.00012537323282440986, ""lambda_l2"": 9.868745464853728, ""learning_rate"": 0.09174109132570649, ""max_depth"": 4, ""metric"": ""l2"", ""min_data_in_leaf"": 70, ""min_gain_to_split"": 0.004576213170003743, ""num_boost_round"": 400, ""num_leaves"": 40, ""num_threads"": -1, ""objective"": ""regression"", ""seed"": 42, ""verbosity"": -1}",False
4,Uber Black,LightGBM,14,COMPLETE,10.442738854085118,6.445027145529452,12.085922393569122,0.9289008484796962,0.7460984922708644,0.4942803289220048,350,"{""bagging_fraction"": 0.9, ""bagging_freq"": 5, ""deterministic"": true, ""feature_fraction"": 0.7, ""force_col_wise"": true, ""lambda_l1"": 0.000343312157137368, ""lambda_l2"": 0.14740667609446792, ""learning_rate"": 0.11020040404585486, ""max_depth"": 4, ""metric"": ""l2"", ""min_data_in_leaf"": 70, ""min_gain_to_split"": 0.04301247806698602, ""num_boost_round"": 350, ""num_leaves"": 49, ""num_threads"": -1, ""objective"": ""regression"", ""seed"": 42, ""verbosity"": -1}",False
4,Uber Black,LightGBM,9,COMPLETE,10.465107498558478,6.328648003000437,11.549130111457362,0.9286547894348539,0.7837136888963986,0.5307879004564579,350,"{""bagging_fraction"": 1.0, ""bagging_freq"": 2, ""deterministic"": true, ""feature_fraction"": 0.8, ""force_col_wise"": true, ""lambda_l1"": 0.01120004910182874, ""lambda_l2"": 0.07154454696139187, ""learning_rate"": 0.0385363422189524, ""max_depth"": 10, ""metric"": ""l2"", ""min_data_in_leaf"": 40, ""min_gain_to_split"": 0.23763754399239967, ""num_boost_round"": 350, ""num_leaves"": 20, ""num_threads"": -1, ""objective"": ""regression"", ""seed"": 42, ""verbosity"": -1}",False
4,Uber Black,LightGBM,10,COMPLETE,10.479936098465284,6.4673411316267675,12.102781647939254,0.928388818685025,0.6715274477345928,0.3967472408275961,300,"{""bagging_fraction"": 0.85, ""bagging_freq"": 3, ""deterministic"": true, ""feature_fraction"": 0.6, ""force_col_wise"": true, ""lambda_l1"": 1.6560798829012517e-08, ""lambda_l2"": 3.331630946893803, ""learning_rate"": 0.09286303719301271, ""max_depth"": -1, ""metric"": ""l2"", ""min_data_in_leaf"": 70, ""min_gain_to_split"": 0.9923626654603367, ""num_boost_round"": 300, ""num_leaves"": 29, ""num_threads"": -1, ""objective"": ""regression"", ""seed"": 42, ""verbosity"": -1}",False
4,Uber Black,LightGBM,2,COMPLETE,10.624726462291141,6.276809828516964,11.196268935089153,0.9263972455140992,0.7885239267903726,0.55452363067376,250,"{""bagging_fraction"": 0.6, ""bagging_freq"": 10, ""deterministic"": true, ""feature_fraction"": 0.8, ""force_col_wise"": true, ""lambda_l1"": 2.133142332373004e-06, ""lambda_l2"": 0.009176996354542699, ""learning_rate"": 0.023231731978492907, ""max_depth"": -1, ""metric"": ""l2"", ""min_data_in_leaf"": 40, ""min_gain_to_split"": 0.31171107608941095, ""num_boost_round"": 250, ""num_leaves"": 123, ""num_threads"": -1, ""objective"": ""regression"", ""seed"": 42, ""verbosity"": -1}",False
4,Uber Black,LightGBM,7,COMPLETE,10.644353210604976,6.637400983349474,12.695352339197914,0.9261955965397014,0.6056267886327539,0.2794733395396991,400,"{""bagging_fraction"": 0.7, ""bagging_freq"": 1, ""deterministic"": true, ""feature_fraction"": 1.0, ""force_col_wise"": true, ""lambda_l1"": 1.1256839212661599e-06, ""lambda_l2"": 6.98184330520185e-05, ""learning_rate"": 0.17010913962119048, ""max_depth"": 10, ""metric"": ""l2"", ""min_data_in_leaf"": 170, ""min_gain_to_split"": 0.8180147659224931, ""num_boost_round"": 400, ""num_leaves"": 107, ""num_threads"": -1, ""objective"": ""regression"", ""seed"": 42, ""verbosity"": -1}",False
4,Uber Black,LightGBM,5,COMPLETE,10.880622812941219,6.745283336921751,12.795763875378842,0.922920719628384,0.6511128679472529,0.26424714366159496,250,"{""bagging_fraction"": 0.65, ""bagging_freq"": 7, ""deterministic"": true, ""feature_fraction"": 0.8, ""force_col_wise"": true, ""lambda_l1"": 0.0703178263660987, ""lambda_l2"": 0.0011258869313624915, ""learning_rate"": 0.1459262497942231, ""max_depth"": 10, ""metric"": ""l2"", ""min_data_in_leaf"": 180, ""min_gain_to_split"": 0.770967179954561, ""num_boost_round"": 250, ""num_leaves"": 86, ""num_threads"": -1, ""objective"": ""regression"", ""seed"": 42, ""verbosity"": -1}",False
4,Uber Black,LightGBM,4,COMPLETE,11.027298431022283,6.491682621554947,11.518156033314401,0.9205713780278857,1.047922645615419,0.7147372850622807,100,"{""bagging_fraction"": 0.9, ""bagging_freq"": 8, ""deterministic"": true, ""feature_fraction"": 0.95, ""force_col_wise"": true, ""lambda_l1"": 0.08738424135626986, ""lambda_l2"": 4.638759594322625e-08, ""learning_rate"": 0.03819130560209075, ""max_depth"": 8, ""metric"": ""l2"", ""min_data_in_leaf"": 20, ""min_gain_to_split"": 0.3584657285442726, ""num_boost_round"": 100, ""num_leaves"": 77, ""num_threads"": -1, ""objective"": ""regression"", ""seed"": 42, ""verbosity"": -1}",False
4,Uber Black,LightGBM,1,COMPLETE,11.133578370226353,6.703457863394203,12.10193257243791,0.9191794663962289,0.8633636809944056,0.5606395353453413,150,"{""bagging_fraction"": 0.65, ""bagging_freq"": 5, ""deterministic"": true, ""feature_fraction"": 0.95, ""force_col_wise"": true, ""lambda_l1"": 0.0021465011216654484, ""lambda_l2"": 2.6185068507773707e-08, ""learning_rate"": 0.04029695576831731, ""max_depth"": 6, ""metric"": ""l2"", ""min_data_in_leaf"": 100, ""min_gain_to_split"": 0.6075448519014384, ""num_boost_round"": 150, ""num_leaves"": 75, ""num_threads"": -1, ""objective"": ""regression"", ""seed"": 42, ""verbosity"": -1}",False
4,Uber Black,LightGBM,6,COMPLETE,11.208829014923499,6.847720558220387,12.831069907030422,0.9180687369393562,0.6841197456746598,0.36578074206055067,150,"{""bagging_fraction"": 0.75, ""bagging_freq"": 8, ""deterministic"": true, ""feature_fraction"": 0.7, ""force_col_wise"": true, ""lambda_l1"": 1.1459970229341322e-06, ""lambda_l2"": 4.929685216887945e-08, ""learning_rate"": 0.06664427151092471, ""max_depth"": 8, ""metric"": ""l2"", ""min_data_in_leaf"": 190, ""min_gain_to_split"": 0.289751452913768, ""num_boost_round"": 150, ""num_leaves"": 64, ""num_threads"": -1, ""objective"": ""regression"", ""seed"": 42, ""verbosity"": -1}",False
4,Uber Black,LightGBM,0,COMPLETE,11.218087462421195,6.733641416803088,12.131916955183264,0.9179684851716627,0.7504757501284474,0.46400081186650427,150,"{""bagging_fraction"": 0.6, ""bagging_freq"": 10, ""deterministic"": true, ""feature_fraction"": 0.9, ""force_col_wise"": true, ""lambda_l1"": 0.31044435499483225, ""lambda_l2"": 8.148018307012941e-07, ""learning_rate"": 0.047377279007281566, ""max_depth"": 12, ""metric"": ""l2"", ""min_data_in_leaf"": 130, ""min_gain_to_split"": 0.18182496720710062, ""num_boost_round"": 150, ""num_leaves"": 123, ""num_threads"": -1, ""objective"": ""regression"", ""seed"": 42, ""verbosity"": -1}",False
4,Uber Black,LightGBM,8,COMPLETE,11.325474144581408,6.748828982787011,12.067694462601457,0.9164393721918401,0.8783646813223521,0.623728451886593,200,"{""bagging_fraction"": 0.75, ""bagging_freq"": 10, ""deterministic"": true, ""feature_fraction"": 0.9, ""force_col_wise"": true, ""lambda_l1"": 4.592251392089998, ""lambda_l2"": 1.845188173664121e-06, ""learning_rate"": 0.02032273369060574, ""max_depth"": 10, ""metric"": ""l2"", ""min_data_in_leaf"": 110, ""min_gain_to_split"": 0.49724850589238545, ""num_boost_round"": 200, ""num_leaves"": 73, ""num_threads"": -1, ""objective"": ""regression"", ""seed"": 42, ""verbosity"": -1}",False
9,Uber Comfort,LightGBM,12,COMPLETE,7.42262274912755,4.1967959699589805,8.692472221122488,0.9583227563601782,0.9786194800898778,0.51661999632468,300,"{""bagging_fraction"": 0.9, ""bagging_freq"": 0, ""deterministic"": true, ""feature_fraction"": 0.6, ""force_col_wise"": true, ""lambda_l1"": 9.265701961309923e-05, ""lambda_l2"": 9.868745464853728, ""learning_rate"": 0.10439338960876268, ""max_depth"": -1, ""metric"": ""l2"", ""min_data_in_leaf"": 70, ""min_gain_to_split"": 0.9845823199357809, ""num_boost_round"": 300, ""num_leaves"": 44, ""num_threads"": -1, ""objective"": ""regression"", ""seed"": 42, ""verbosity"": -1}",True
9,Uber Comfort,LightGBM,3,COMPLETE,7.457472477754077,4.218477649835693,8.66037667596262,0.9578141687336191,1.140076444273789,0.5778193589890674,200,"{""bagging_fraction"": 0.6, ""bagging_freq"": 3, ""deterministic"": true, ""feature_fraction"": 0.65, ""force_col_wise"": true, ""lambda_l1"": 3.148441347423712e-05, ""lambda_l2"": 2.7678419414850017e-06, ""learning_rate"": 0.07042717610935736, ""max_depth"": -1, ""metric"": ""l2"", ""min_data_in_leaf"": 30, ""min_gain_to_split"": 0.8287375091519293, ""num_boost_round"": 200, ""num_leaves"": 36, ""num_threads"": -1, ""objective"": ""regression"", ""seed"": 42, ""verbosity"": -1}",False
9,Uber Comfort,LightGBM,11,COMPLETE,7.482606360399646,4.211534465378667,8.685262284422356,0.957607562176328,1.0366996213238533,0.5306076663957684,300,"{""bagging_fraction"": 0.85, ""bagging_freq"": 3, ""deterministic"": true, ""feature_fraction"": 0.6, ""force_col_wise"": true, ""lambda_l1"": 1.3007184006151998e-08, ""lambda_l2"": 3.4732447956620915, ""learning_rate"": 0.09805145273532483, ""max_depth"": -1, ""metric"": ""l2"", ""min_data_in_leaf"": 80, ""min_gain_to_split"": 0.9682177168231915, ""num_boost_round"": 300, ""num_leaves"": 26, ""num_threads"": -1, ""objective"": ""regression"", ""seed"": 42, ""verbosity"": -1}",False
9,Uber Comfort,LightGBM,10,COMPLETE,7.483634598363249,4.197271342825538,8.639185897418441,0.9576372355215256,0.9882817118550198,0.49470579311807106,300,"{""bagging_fraction"": 0.85, ""bagging_freq"": 3, ""deterministic"": true, ""feature_fraction"": 0.6, ""force_col_wise"": true, ""lambda_l1"": 1.6560798829012517e-08, ""lambda_l2"": 3.331630946893803, ""learning_rate"": 0.09286303719301271, ""max_depth"": -1, ""metric"": ""l2"", ""min_data_in_leaf"": 70, ""min_gain_to_split"": 0.9923626654603367, ""num_boost_round"": 300, ""num_leaves"": 29, ""num_threads"": -1, ""objective"": ""regression"", ""seed"": 42, ""verbosity"": -1}",False
9,Uber Comfort,LightGBM,2,COMPLETE,7.4886838956801025,4.160524472477773,8.384932918028435,0.957583157500021,0.9962834875967495,0.5289149239043544,250,"{""bagging_fraction"": 0.6, ""bagging_freq"": 10, ""deterministic"": true, ""feature_fraction"": 0.8, ""force_col_wise"": true, ""lambda_l1"": 2.133142332373004e-06, ""lambda_l2"": 0.009176996354542699, ""learning_rate"": 0.023231731978492907, ""max_depth"": -1, ""metric"": ""l2"", ""min_data_in_leaf"": 40, ""min_gain_to_split"": 0.31171107608941095, ""num_boost_round"": 250, ""num_leaves"": 123, ""num_threads"": -1, ""objective"": ""regression"", ""seed"": 42, ""verbosity"": -1}",False
9,Uber Comfort,LightGBM,9,COMPLETE,7.510427586916763,4.18003536923848,8.419966002523363,0.9571755444881038,1.1885200613266642,0.5784371783138967,350,"{""bagging_fraction"": 1.0, ""bagging_freq"": 2, ""deterministic"": true, ""feature_fraction"": 0.8, ""force_col_wise"": true, ""lambda_l1"": 0.01120004910182874, ""lambda_l2"": 0.07154454696139187, ""learning_rate"": 0.0385363422189524, ""max_depth"": 10, ""metric"": ""l2"", ""min_data_in_leaf"": 40, ""min_gain_to_split"": 0.23763754399239967, ""num_boost_round"": 350, ""num_leaves"": 20, ""num_threads"": -1, ""objective"": ""regression"", ""seed"": 42, ""verbosity"": -1}",False
9,Uber Comfort,LightGBM,5,COMPLETE,7.561073349218388,4.2659701553827505,8.658014656396766,0.9567100951354837,1.050824842305345,0.5500925468462298,250,"{""bagging_fraction"": 0.65, ""bagging_freq"": 7, ""deterministic"": true, ""feature_fraction"": 0.8, ""force_col_wise"": true, ""lambda_l1"": 0.0703178263660987, ""lambda_l2"": 0.0011258869313624915, ""learning_rate"": 0.1459262497942231, ""max_depth"": 10, ""metric"": ""l2"", ""min_data_in_leaf"": 180, ""min_gain_to_split"": 0.770967179954561, ""num_boost_round"": 250, ""num_leaves"": 86, ""num_threads"": -1, ""objective"": ""regression"", ""seed"": 42, ""verbosity"": -1}",False
9,Uber Comfort,LightGBM,14,COMPLETE,7.5770919365873315,4.280644683770755,8.82834965347109,0.9564691679554915,1.0896680017950762,0.5338972730521636,200,"{""bagging_fraction"": 0.8, ""bagging_freq"": 0, ""deterministic"": true, ""feature_fraction"": 0.7, ""force_col_wise"": true, ""lambda_l1"": 8.959658595946147e-05, ""lambda_l2"": 6.142777481802774e-05, ""learning_rate"": 0.062441709152811255, ""max_depth"": -1, ""metric"": ""l2"", ""min_data_in_leaf"": 20, ""min_gain_to_split"": 0.6435153347714766, ""num_boost_round"": 200, ""num_leaves"": 48, ""num_threads"": -1, ""objective"": ""regression"", ""seed"": 42, ""verbosity"": -1}",False
9,Uber Comfort,LightGBM,4,COMPLETE,7.597830220988898,4.289682860153726,9.010087876753806,0.9562990620219995,1.0781481655433978,0.4873658807780812,100,"{""bagging_fraction"": 0.9, ""bagging_freq"": 8, ""deterministic"": true, ""feature_fraction"": 0.95, ""force_col_wise"": true, ""lambda_l1"": 0.08738424135626986, ""lambda_l2"": 4.638759594322625e-08, ""learning_rate"": 0.03819130560209075, ""max_depth"": 8, ""metric"": ""l2"", ""min_data_in_leaf"": 20, ""min_gain_to_split"": 0.3584657285442726, ""num_boost_round"": 100, ""num_leaves"": 77, ""num_threads"": -1, ""objective"": ""regression"", ""seed"": 42, ""verbosity"": -1}",False
9,Uber Comfort,LightGBM,13,COMPLETE,7.603354565743521,4.260807340414901,8.712094560405376,0.9561717517117819,1.1316816649146666,0.543778197841055,300,"{""bagging_fraction"": 0.95, ""bagging_freq"": 0, ""deterministic"": true, ""feature_fraction"": 0.7, ""force_col_wise"": true, ""lambda_l1"": 5.472791631552725e-05, ""lambda_l2"": 5.883705531394539e-06, ""learning_rate"": 0.10079249027794258, ""max_depth"": 4, ""metric"": ""l2"", ""min_data_in_leaf"": 60, ""min_gain_to_split"": 0.8100406804363562, ""num_boost_round"": 300, ""num_leaves"": 45, ""num_threads"": -1, ""objective"": ""regression"", ""seed"": 42, ""verbosity"": -1}",False
9,Uber Comfort,LightGBM,0,COMPLETE,7.619659229088382,4.208679017356982,8.260246450829637,0.956039585929263,1.1059639645409454,0.5783953824801022,150,"{""bagging_fraction"": 0.6, ""bagging_freq"": 10, ""deterministic"": true, ""feature_fraction"": 0.9, ""force_col_wise"": true, ""lambda_l1"": 0.31044435499483225, ""lambda_l2"": 8.148018307012941e-07, ""learning_rate"": 0.047377279007281566, ""max_depth"": 12, ""metric"": ""l2"", ""min_data_in_leaf"": 130, ""min_gain_to_split"": 0.18182496720710062, ""num_boost_round"": 150, ""num_leaves"": 123, ""num_threads"": -1, ""objective"": ""regression"", ""seed"": 42, ""verbosity"": -1}",False
9,Uber Comfort,LightGBM,7,COMPLETE,7.648362076603047,4.303456980927722,8.878767333281264,0.9558375736666017,0.913259915124056,0.47463104326698446,400,"{""bagging_fraction"": 0.7, ""bagging_freq"": 1, ""deterministic"": true, ""feature_fraction"": 1.0, ""force_col_wise"": true, ""lambda_l1"": 1.1256839212661599e-06, ""lambda_l2"": 6.98184330520185e-05, ""learning_rate"": 0.17010913962119048, ""max_depth"": 10, ""metric"": ""l2"", ""min_data_in_leaf"": 170, ""min_gain_to_split"": 0.8180147659224931, ""num_boost_round"": 400, ""num_leaves"": 107, ""num_threads"": -1, ""objective"": ""regression"", ""seed"": 42, ""verbosity"": -1}",False
9,Uber Comfort,LightGBM,1,COMPLETE,7.683569284085881,4.277852451171601,8.442527504299369,0.955237022790853,1.183243030602516,0.5860550695117551,150,"{""bagging_fraction"": 0.65, ""bagging_freq"": 5, ""deterministic"": true, ""feature_fraction"": 0.95, ""force_col_wise"": true, ""lambda_l1"": 0.0021465011216654484, ""lambda_l2"": 2.6185068507773707e-08, ""learning_rate"": 0.04029695576831731, ""max_depth"": 6, ""metric"": ""l2"", ""min_data_in_leaf"": 100, ""min_gain_to_split"": 0.6075448519014384, ""num_boost_round"": 150, ""num_leaves"": 75, ""num_threads"": -1, ""objective"": ""regression"", ""seed"": 42, ""verbosity"": -1}",False
9,Uber Comfort,LightGBM,6,COMPLETE,7.701595609000905,4.274347788146709,8.462921793238676,0.9550793981352361,1.0982870143534091,0.546541254208104,150,"{""bagging_fraction"": 0.75, ""bagging_freq"": 8, ""deterministic"": true, ""feature_fraction"": 0.7, ""force_col_wise"": true, ""lambda_l1"": 1.1459970229341322e-06, ""lambda_l2"": 4.929685216887945e-08, ""learning_rate"": 0.06664427151092471, ""max_depth"": 8, ""metric"": ""l2"", ""min_data_in_leaf"": 190, ""min_gain_to_split"": 0.289751452913768, ""num_boost_round"": 150, ""num_leaves"": 64, ""num_threads"": -1, ""objective"": ""regression"", ""seed"": 42, ""verbosity"": -1}",False
9,Uber Comfort,LightGBM,8,COMPLETE,7.777555268933503,4.358495393447136,8.817402363574747,0.9542135845852915,1.1207081248736248,0.5353613763628535,200,"{""bagging_fraction"": 0.75, ""bagging_freq"": 10, ""deterministic"": true, ""feature_fraction"": 0.9, ""force_col_wise"": true, ""lambda_l1"": 4.592251392089998, ""lambda_l2"": 1.845188173664121e-06, ""learning_rate"": 0.02032273369060574, ""max_depth"": 10, ""metric"": ""l2"", ""min_data_in_leaf"": 110, ""min_gain_to_split"": 0.49724850589238545, ""num_boost_round"": 200, ""num_leaves"": 73, ""num_threads"": -1, ""objective"": ""regression"", ""seed"": 42, ""verbosity"": -1}",False
