feature,value,row_count,row_pct
CreateDayOfWeekName,quinta,382791,19.1416
CreateDayOfWeekName,quarta,377129,18.8585
CreateDayOfWeekName,sexta,366710,18.3375
CreateDayOfWeekName,terca,330588,16.5312
CreateDayOfWeekName,segunda,326118,16.3077
CreateDayOfWeekName,sabado,197945,9.8983
CreateDayOfWeekName,domingo,18501,0.9252
CreateDayPeriod,tarde,790723,39.5405
CreateDayPeriod,manha,608982,30.4524
CreateDayPeriod,noite,556807,27.8434
CreateDayPeriod,madrugada,43270,2.1637
CreateHour,9,230228,11.5127
CreateHour,10,186193,9.3107
CreateHour,18,175703,8.7861
CreateHour,19,164691,8.2354
CreateHour,17,145340,7.2678
CreateHour,14,138474,6.9245
CreateHour,16,138301,6.9158
CreateHour,15,129950,6.4982
CreateHour,13,128887,6.4451
CreateHour,11,115485,5.7749
CreateHour,12,109771,5.4891
CreateHour,20,100702,5.0356
CreateHour,8,70425,3.5216
CreateHour,21,57509,2.8758
CreateHour,22,36185,1.8094
CreateHour,23,22017,1.101
CreateHour,0,16726,0.8364
CreateHour,1,11308,0.5655
CreateHour,2,6907,0.3454
CreateHour,7,5457,0.2729
CreateHour,3,4678,0.2339
CreateHour,4,2411,0.1206
CreateHour,5,1240,0.062
CreateHour,6,1194,0.0597
CreateIsHolidayBR,False,1993712,99.6965
CreateIsHolidayBR,True,6070,0.3035
CreateMonth,10,620221,31.0144
CreateMonth,9,595732,29.7898
CreateMonth,8,320671,16.0353
CreateMonth,5,108548,5.428
CreateMonth,4,80330,4.0169
CreateMonth,11,72764,3.6386
CreateMonth,3,65612,3.281
CreateMonth,2,44973,2.2489
CreateMonth,6,42287,2.1146
CreateMonth,12,24559,1.2281
CreateMonth,1,24085,1.2044
CreateQuarter,3,916403,45.8251
CreateQuarter,4,717544,35.8811
CreateQuarter,2,231165,11.5595
CreateQuarter,1,134670,6.7342
ScheduleDayOfWeekName,quinta,382791,19.1416
ScheduleDayOfWeekName,quarta,377129,18.8585
ScheduleDayOfWeekName,sexta,366710,18.3375
ScheduleDayOfWeekName,terca,330588,16.5312
ScheduleDayOfWeekName,segunda,326118,16.3077
ScheduleDayOfWeekName,sabado,197945,9.8983
ScheduleDayOfWeekName,domingo,18501,0.9252
ScheduleDayPeriod,tarde,790759,39.5423
ScheduleDayPeriod,manha,609003,30.4535
ScheduleDayPeriod,noite,556750,27.8405
ScheduleDayPeriod,madrugada,43270,2.1637
ScheduleHour,9,230249,11.5137
ScheduleHour,10,186174,9.3097
ScheduleHour,18,175672,8.7846
ScheduleHour,19,164777,8.2397
ScheduleHour,17,145376,7.2696
ScheduleHour,14,138459,6.9237
ScheduleHour,16,138274,6.9145
ScheduleHour,15,129977,6.4996
ScheduleHour,13,128898,6.4456
ScheduleHour,11,115485,5.7749
ScheduleHour,12,109775,5.4893
ScheduleHour,20,100604,5.0307
ScheduleHour,8,70438,3.5223
ScheduleHour,21,57549,2.8778
ScheduleHour,22,36149,1.8076
ScheduleHour,23,21999,1.1001
ScheduleHour,0,16737,0.8369
ScheduleHour,1,11297,0.5649
ScheduleHour,2,6907,0.3454
ScheduleHour,7,5463,0.2732
ScheduleHour,3,4678,0.2339
ScheduleHour,4,2411,0.1206
ScheduleHour,5,1240,0.062
ScheduleHour,6,1194,0.0597
ScheduleIsHolidayBR,False,1993712,99.6965
ScheduleIsHolidayBR,True,6070,0.3035
ScheduleMonth,10,620221,31.0144
ScheduleMonth,9,595732,29.7898
ScheduleMonth,8,320671,16.0353
ScheduleMonth,5,108548,5.428
ScheduleMonth,4,80330,4.0169
ScheduleMonth,11,72764,3.6386
ScheduleMonth,3,65612,3.281
ScheduleMonth,2,44973,2.2489
ScheduleMonth,6,42287,2.1146
ScheduleMonth,12,24559,1.2281
ScheduleMonth,1,24085,1.2044
ScheduleQuarter,3,916403,45.8251
ScheduleQuarter,4,717544,35.8811
ScheduleQuarter,2,231165,11.5595
ScheduleQuarter,1,134670,6.7342
UpdatedDayOfWeekName,quinta,382758,19.14
UpdatedDayOfWeekName,quarta,377136,18.8589
UpdatedDayOfWeekName,sexta,366796,18.3418
UpdatedDayOfWeekName,terca,330509,16.5273
UpdatedDayOfWeekName,segunda,326091,16.3063
UpdatedDayOfWeekName,sabado,197977,9.8999
UpdatedDayOfWeekName,domingo,18515,0.9259
UpdatedDayPeriod,tarde,790698,39.5392
UpdatedDayPeriod,manha,607928,30.3997
UpdatedDayPeriod,noite,557669,27.8865
UpdatedDayPeriod,madrugada,43487,2.1746
UpdatedHour,9,229673,11.4849
UpdatedHour,10,186114,9.3067
UpdatedHour,18,175109,8.7564
UpdatedHour,19,165360,8.2689
UpdatedHour,17,145290,7.2653
UpdatedHour,14,138467,6.9241
UpdatedHour,16,138185,6.91
UpdatedHour,15,129863,6.4939
UpdatedHour,13,129016,6.4515
UpdatedHour,11,115424,5.7718
UpdatedHour,12,109877,5.4944
UpdatedHour,20,101108,5.056
UpdatedHour,8,70148,3.5078
UpdatedHour,21,57543,2.8775
UpdatedHour,22,36455,1.8229
UpdatedHour,23,22094,1.1048
UpdatedHour,0,16533,0.8267
UpdatedHour,1,11670,0.5836
UpdatedHour,2,6945,0.3473
UpdatedHour,7,5353,0.2677
UpdatedHour,3,4674,0.2337
UpdatedHour,4,2440,0.122
UpdatedHour,5,1225,0.0613
UpdatedHour,6,1216,0.0608
UpdatedIsHolidayBR,False,1993724,99.6971
UpdatedIsHolidayBR,True,6058,0.3029
UpdatedMonth,10,620210,31.0139
UpdatedMonth,9,595730,29.7897
UpdatedMonth,8,320661,16.0348
UpdatedMonth,5,108561,5.4286
UpdatedMonth,4,80379,4.0194
UpdatedMonth,11,72724,3.6366
UpdatedMonth,3,65623,3.2815
UpdatedMonth,2,44935,2.247
UpdatedMonth,6,42287,2.1146
UpdatedMonth,12,24575,1.2289
UpdatedMonth,1,24097,1.205
UpdatedQuarter,3,916391,45.8245
UpdatedQuarter,4,717509,35.8794
UpdatedQuarter,2,231227,11.5626
UpdatedQuarter,1,134655,6.7335
